{"name":"Search on Google","id":"search-on-google;search-on-google","testSteps":[{"number":1,"description":"Given that I have gone to the Google page","duration":22291,"startTime":"2018-09-27T10:58:35.425-03:00[America/Sao_Paulo]","screenshots":[{"screenshot":"d7b766641ad110075a36a95e5a93a37b7dea8492d16071027af7b69557f755ee.png"}],"result":"SUCCESS","precondition":false,"children":[{"number":2,"description":"Open Google Page","duration":21673,"startTime":"2018-09-27T10:58:35.732-03:00[America/Sao_Paulo]","screenshots":[{"screenshot":"09128e214f23b3ee01539d3f56ae3a1ca91ea5c2f1f5f42bf9641947a0ee97f4.png"}],"result":"SUCCESS","precondition":false}]},{"number":3,"description":"When I add \"cats\" to the search box","duration":1878,"startTime":"2018-09-27T10:58:57.717-03:00[America/Sao_Paulo]","screenshots":[{"screenshot":"3029aa67ee7de5fa7d99353ece90ec99a16f92cc2ffc79d3d0c7aed1e4fc3512.png"}],"result":"SUCCESS","precondition":false,"children":[{"number":4,"description":"Fills the text \u0027cats\u0027 in search field","duration":1547,"startTime":"2018-09-27T10:58:57.721-03:00[America/Sao_Paulo]","screenshots":[{"screenshot":"fe1c42a14720bdb5aad92476bd2d919e842bbfcff4d934426648918c66137706.png"}],"result":"SUCCESS","precondition":false}]},{"number":5,"description":"And submit the search","duration":2206,"startTime":"2018-09-27T10:58:59.595-03:00[America/Sao_Paulo]","screenshots":[{"screenshot":"6a7396f324d1866e824fbf2d702d9ab6e6cea6fa8e99c61b6afc92902fd1946f.png"}],"result":"SUCCESS","precondition":false,"children":[{"number":6,"description":"Click on \u0027Search\u0027 button","duration":1858,"startTime":"2018-09-27T10:58:59.597-03:00[America/Sao_Paulo]","screenshots":[{"screenshot":"6a7396f324d1866e824fbf2d702d9ab6e6cea6fa8e99c61b6afc92902fd1946f.png"}],"result":"SUCCESS","precondition":false}]},{"number":7,"description":"Then \"cats\" should be mentioned in the results","duration":353,"startTime":"2018-09-27T10:59:01.801-03:00[America/Sao_Paulo]","screenshots":[{"screenshot":"6a7396f324d1866e824fbf2d702d9ab6e6cea6fa8e99c61b6afc92902fd1946f.png"}],"result":"SUCCESS","precondition":false}],"userStory":{"id":"search-on-google","storyName":"Search on Google","path":"src/test/resources/features/google_search.feature","type":"feature"},"featureTag":{"name":"Features/Search on Google","type":"feature"},"title":"Search on Google","tags":[{"name":"Search on google","type":"feature"}],"startTime":"2018-09-27T10:58:35.085-03:00[America/Sao_Paulo]","duration":27214,"projectKey":"","sessionId":"718ff90adec690ff39914ba0e46e04af","driver":"chrome","manual":false,"testSource":"Cucumber","result":"SUCCESS"}